file,dataset,issue,value,severity
1002_DFA_ANG_XX.wav,CREMA-D,clipping,0.999969482421875,high
1002_TIE_ANG_XX.wav,CREMA-D,clipping,0.999969482421875,high
1003_DFA_ANG_XX.wav,CREMA-D,clipping,1.0,high
1003_IEO_ANG_HI.wav,CREMA-D,clipping,1.0,high
1003_ITH_ANG_XX.wav,CREMA-D,clipping,0.999969482421875,high
1003_ITS_ANG_XX.wav,CREMA-D,clipping,0.999969482421875,high
1003_IWL_ANG_XX.wav,CREMA-D,clipping,1.0,high
1003_TAI_ANG_XX.wav,CREMA-D,clipping,0.999969482421875,high
1003_TIE_ANG_XX.wav,CREMA-D,clipping,0.999969482421875,high
1003_WSI_ANG_XX.wav,CREMA-D,clipping,0.999969482421875,high
1004_DFA_ANG_XX.wav,CREMA-D,clipping,0.9942626953125,high
1004_IEO_ANG_HI.wav,CREMA-D,clipping,1.0,high
1004_IEO_HAP_HI.wav,CREMA-D,clipping,1.0,high
1004_IWL_ANG_XX.wav,CREMA-D,clipping,1.0,high
1004_TIE_ANG_XX.wav,CREMA-D,clipping,1.0,high
1005_DFA_ANG_XX.wav,CREMA-D,clipping,1.0,high
1005_DFA_FEA_XX.wav,CREMA-D,clipping,0.99560546875,high
1005_ITH_ANG_XX.wav,CREMA-D,clipping,1.0,high
1005_WSI_ANG_XX.wav,CREMA-D,clipping,1.0,high
1006_DFA_ANG_XX.wav,CREMA-D,clipping,1.0,high
1006_IEO_ANG_HI.wav,CREMA-D,clipping,1.0,high
1006_IWL_ANG_XX.wav,CREMA-D,clipping,1.0,high
1006_MTI_ANG_XX.wav,CREMA-D,clipping,1.0,high
1007_DFA_ANG_XX.wav,CREMA-D,clipping,1.0,high
1007_IEO_ANG_HI.wav,CREMA-D,clipping,1.0,high
1007_IEO_HAP_HI.wav,CREMA-D,clipping,1.0,high
1007_ITS_ANG_XX.wav,CREMA-D,clipping,1.0,high
1007_TSI_ANG_XX.wav,CREMA-D,clipping,1.0,high
1007_WSI_ANG_XX.wav,CREMA-D,clipping,1.0,high
1008_IEO_ANG_HI.wav,CREMA-D,clipping,1.0,high
1008_IEO_FEA_HI.wav,CREMA-D,clipping,1.0,high
1008_TIE_ANG_XX.wav,CREMA-D,clipping,1.0,high
1009_DFA_ANG_XX.wav,CREMA-D,clipping,1.0,high
1009_IEO_ANG_HI.wav,CREMA-D,clipping,1.0,high
1009_IEO_FEA_HI.wav,CREMA-D,clipping,1.0,high
1009_IEO_HAP_HI.wav,CREMA-D,clipping,0.999969482421875,high
1009_IOM_ANG_XX.wav,CREMA-D,clipping,1.0,high
1009_ITH_ANG_XX.wav,CREMA-D,clipping,1.0,high
1009_IWL_FEA_XX.wav,CREMA-D,clipping,1.0,high
1009_TAI_ANG_XX.wav,CREMA-D,clipping,1.0,high
1009_TAI_FEA_XX.wav,CREMA-D,clipping,1.0,high
1009_TIE_ANG_XX.wav,CREMA-D,clipping,1.0,high
1009_TSI_ANG_XX.wav,CREMA-D,clipping,1.0,high
1009_WSI_ANG_XX.wav,CREMA-D,clipping,1.0,high
1009_WSI_FEA_XX.wav,CREMA-D,clipping,1.0,high
1010_IEO_ANG_HI.wav,CREMA-D,clipping,1.0,high
1010_IEO_FEA_HI.wav,CREMA-D,clipping,1.0,high
1011_IEO_ANG_HI.wav,CREMA-D,clipping,1.0,high
1011_IEO_FEA_HI.wav,CREMA-D,clipping,1.0,high
1011_TAI_ANG_XX.wav,CREMA-D,clipping,1.0,high
1012_IEO_ANG_HI.wav,CREMA-D,clipping,1.0,high
1013_DFA_ANG_XX.wav,CREMA-D,clipping,1.0,high
1013_IEO_ANG_HI.wav,CREMA-D,clipping,1.0,high
1013_IEO_FEA_HI.wav,CREMA-D,clipping,1.0,high
1013_IEO_HAP_HI.wav,CREMA-D,clipping,0.999969482421875,high
1013_IOM_ANG_XX.wav,CREMA-D,clipping,1.0,high
1013_ITH_ANG_XX.wav,CREMA-D,clipping,1.0,high
1013_ITH_HAP_XX.wav,CREMA-D,clipping,0.999969482421875,high
1013_ITS_ANG_XX.wav,CREMA-D,clipping,1.0,high
1013_IWL_ANG_XX.wav,CREMA-D,clipping,1.0,high
1013_MTI_ANG_XX.wav,CREMA-D,clipping,1.0,high
1013_TAI_ANG_XX.wav,CREMA-D,clipping,1.0,high
1013_TAI_HAP_XX.wav,CREMA-D,clipping,1.0,high
1013_TIE_ANG_XX.wav,CREMA-D,clipping,1.0,high
1013_TSI_ANG_XX.wav,CREMA-D,clipping,1.0,high
1013_TSI_HAP_XX.wav,CREMA-D,clipping,0.999969482421875,high
1013_WSI_ANG_XX.wav,CREMA-D,clipping,1.0,high
1013_WSI_HAP_XX.wav,CREMA-D,clipping,1.0,high
1014_DFA_ANG_XX.wav,CREMA-D,clipping,1.0,high
1014_DFA_FEA_XX.wav,CREMA-D,clipping,0.999969482421875,high
1014_IEO_ANG_HI.wav,CREMA-D,clipping,1.0,high
1014_IEO_HAP_HI.wav,CREMA-D,clipping,1.0,high
1014_TIE_ANG_XX.wav,CREMA-D,clipping,1.0,high
1014_WSI_ANG_XX.wav,CREMA-D,clipping,1.0,high
1015_IEO_ANG_HI.wav,CREMA-D,clipping,1.0,high
1015_IEO_FEA_HI.wav,CREMA-D,clipping,1.0,high
1015_TAI_ANG_XX.wav,CREMA-D,clipping,1.0,high
1016_DFA_ANG_XX.wav,CREMA-D,clipping,1.0,high
1016_DFA_DIS_XX.wav,CREMA-D,clipping,0.999969482421875,high
1016_IEO_ANG_HI.wav,CREMA-D,clipping,1.0,high
1016_ITS_ANG_XX.wav,CREMA-D,clipping,1.0,high
1016_IWL_ANG_XX.wav,CREMA-D,clipping,1.0,high
1016_IWW_ANG_XX.wav,CREMA-D,clipping,1.0,high
1016_TAI_ANG_XX.wav,CREMA-D,clipping,0.999969482421875,high
1016_TIE_ANG_XX.wav,CREMA-D,clipping,0.999969482421875,high
1016_TSI_ANG_XX.wav,CREMA-D,clipping,1.0,high
1016_WSI_ANG_XX.wav,CREMA-D,clipping,1.0,high
1018_IEO_ANG_HI.wav,CREMA-D,clipping,1.0,high
1019_IEO_ANG_HI.wav,CREMA-D,clipping,0.999969482421875,high
1020_IEO_ANG_HI.wav,CREMA-D,clipping,1.0,high
1021_IEO_ANG_HI.wav,CREMA-D,clipping,0.991241455078125,high
1022_DFA_ANG_XX.wav,CREMA-D,clipping,0.999969482421875,high
1022_IEO_ANG_HI.wav,CREMA-D,clipping,1.0,high
1022_IEO_ANG_LO.wav,CREMA-D,clipping,1.0,high
1022_IEO_ANG_MD.wav,CREMA-D,clipping,1.0,high
1022_IOM_ANG_XX.wav,CREMA-D,clipping,1.0,high
1022_ITH_ANG_XX.wav,CREMA-D,clipping,1.0,high
1022_ITS_ANG_XX.wav,CREMA-D,clipping,1.0,high
1022_IWL_ANG_XX.wav,CREMA-D,clipping,1.0,high
1022_IWW_ANG_XX.wav,CREMA-D,clipping,1.0,high
1022_MTI_ANG_XX.wav,CREMA-D,clipping,1.0,high
1022_TAI_ANG_XX.wav,CREMA-D,clipping,1.0,high
1022_TIE_ANG_XX.wav,CREMA-D,clipping,1.0,high
1022_TSI_ANG_XX.wav,CREMA-D,clipping,1.0,high
1022_WSI_ANG_XX.wav,CREMA-D,clipping,1.0,high
1023_IEO_ANG_HI.wav,CREMA-D,clipping,1.0,high
1023_IEO_ANG_MD.wav,CREMA-D,clipping,1.0,high
1023_IEO_HAP_HI.wav,CREMA-D,clipping,0.999969482421875,high
1023_IOM_ANG_XX.wav,CREMA-D,clipping,1.0,high
1023_ITH_ANG_XX.wav,CREMA-D,clipping,0.999969482421875,high
1023_IWL_ANG_XX.wav,CREMA-D,clipping,1.0,high
1023_IWW_ANG_XX.wav,CREMA-D,clipping,1.0,high
1023_MTI_ANG_XX.wav,CREMA-D,clipping,1.0,high
1023_TAI_ANG_XX.wav,CREMA-D,clipping,1.0,high
1023_TIE_ANG_XX.wav,CREMA-D,clipping,1.0,high
1023_TSI_FEA_XX.wav,CREMA-D,clipping,1.0,high
1023_WSI_ANG_XX.wav,CREMA-D,clipping,0.999969482421875,high
1023_WSI_FEA_XX.wav,CREMA-D,clipping,1.0,high
1025_IEO_ANG_HI.wav,CREMA-D,clipping,1.0,high
1026_DFA_ANG_XX.wav,CREMA-D,clipping,1.0,high
1026_IEO_ANG_HI.wav,CREMA-D,clipping,1.0,high
1026_IEO_FEA_HI.wav,CREMA-D,clipping,1.0,high
1026_ITH_ANG_XX.wav,CREMA-D,clipping,1.0,high
1026_IWL_ANG_XX.wav,CREMA-D,clipping,1.0,high
1026_IWL_FEA_XX.wav,CREMA-D,clipping,1.0,high
1026_MTI_ANG_XX.wav,CREMA-D,clipping,1.0,high
1026_TAI_ANG_XX.wav,CREMA-D,clipping,1.0,high
1026_TIE_ANG_XX.wav,CREMA-D,clipping,0.999969482421875,high
1026_TIE_FEA_XX.wav,CREMA-D,clipping,1.0,high
1026_TSI_ANG_XX.wav,CREMA-D,clipping,1.0,high
1026_WSI_ANG_XX.wav,CREMA-D,clipping,1.0,high
1027_DFA_ANG_XX.wav,CREMA-D,clipping,1.0,high
1027_IEO_ANG_HI.wav,CREMA-D,clipping,1.0,high
1027_IEO_ANG_MD.wav,CREMA-D,clipping,1.0,high
1027_IEO_DIS_MD.wav,CREMA-D,clipping,0.999969482421875,high
1027_IEO_FEA_HI.wav,CREMA-D,clipping,1.0,high
1027_IOM_ANG_XX.wav,CREMA-D,clipping,1.0,high
1027_ITH_ANG_XX.wav,CREMA-D,clipping,1.0,high
1027_ITS_ANG_XX.wav,CREMA-D,clipping,1.0,high
1027_IWL_ANG_XX.wav,CREMA-D,clipping,1.0,high
1027_MTI_ANG_XX.wav,CREMA-D,clipping,1.0,high
1027_TAI_ANG_XX.wav,CREMA-D,clipping,1.0,high
1027_TIE_ANG_XX.wav,CREMA-D,clipping,1.0,high
1027_TSI_ANG_XX.wav,CREMA-D,clipping,1.0,high
1027_WSI_ANG_XX.wav,CREMA-D,clipping,1.0,high
1028_IEO_ANG_HI.wav,CREMA-D,clipping,1.0,high
1028_IWW_ANG_XX.wav,CREMA-D,clipping,1.0,high
1028_MTI_ANG_XX.wav,CREMA-D,clipping,1.0,high
1028_TAI_ANG_XX.wav,CREMA-D,clipping,1.0,high
1028_TIE_ANG_XX.wav,CREMA-D,clipping,1.0,high
1029_DFA_FEA_XX.wav,CREMA-D,clipping,1.0,high
1029_IEO_ANG_HI.wav,CREMA-D,clipping,1.0,high
1029_IEO_FEA_HI.wav,CREMA-D,clipping,1.0,high
1029_IEO_HAP_HI.wav,CREMA-D,clipping,1.0,high
1029_IEO_SAD_HI.wav,CREMA-D,clipping,1.0,high
1029_ITH_ANG_XX.wav,CREMA-D,clipping,0.999969482421875,high
1029_IWL_ANG_XX.wav,CREMA-D,clipping,1.0,high
1029_MTI_ANG_XX.wav,CREMA-D,clipping,1.0,high
1029_TIE_ANG_XX.wav,CREMA-D,clipping,1.0,high
1029_WSI_ANG_XX.wav,CREMA-D,clipping,1.0,high
1029_WSI_FEA_XX.wav,CREMA-D,clipping,1.0,high
1030_IEO_ANG_HI.wav,CREMA-D,clipping,1.0,high
1030_IEO_HAP_HI.wav,CREMA-D,clipping,1.0,high
1030_ITH_ANG_XX.wav,CREMA-D,clipping,1.0,high
1030_IWL_ANG_XX.wav,CREMA-D,clipping,1.0,high
1030_TAI_ANG_XX.wav,CREMA-D,clipping,0.999969482421875,high
1030_WSI_ANG_XX.wav,CREMA-D,clipping,1.0,high
1031_IEO_ANG_HI.wav,CREMA-D,clipping,1.0,high
1031_IEO_FEA_HI.wav,CREMA-D,clipping,1.0,high
1032_IEO_ANG_HI.wav,CREMA-D,clipping,1.0,high
1032_IEO_ANG_MD.wav,CREMA-D,clipping,1.0,high
1032_IEO_FEA_HI.wav,CREMA-D,clipping,1.0,high
1032_ITH_HAP_XX.wav,CREMA-D,clipping,1.0,high
1033_DFA_ANG_XX.wav,CREMA-D,clipping,1.0,high
1033_IEO_ANG_HI.wav,CREMA-D,clipping,1.0,high
1033_IEO_ANG_MD.wav,CREMA-D,clipping,0.999969482421875,high
1033_IEO_HAP_MD.wav,CREMA-D,clipping,0.999969482421875,high
1033_IWL_ANG_XX.wav,CREMA-D,clipping,0.999969482421875,high
1033_TIE_ANG_XX.wav,CREMA-D,clipping,1.0,high
1033_TSI_ANG_XX.wav,CREMA-D,clipping,1.0,high
1034_DFA_ANG_XX.wav,CREMA-D,clipping,1.0,high
1034_IEO_ANG_HI.wav,CREMA-D,clipping,1.0,high
1034_IEO_ANG_MD.wav,CREMA-D,clipping,1.0,high
1034_IEO_DIS_HI.wav,CREMA-D,clipping,1.0,high
1034_IEO_FEA_HI.wav,CREMA-D,clipping,1.0,high
1035_DFA_ANG_XX.wav,CREMA-D,clipping,0.999969482421875,high
1035_IEO_ANG_HI.wav,CREMA-D,clipping,1.0,high
1035_IEO_ANG_MD.wav,CREMA-D,clipping,1.0,high
1035_IEO_DIS_HI.wav,CREMA-D,clipping,1.0,high
1035_IEO_DIS_MD.wav,CREMA-D,clipping,1.0,high
1035_IEO_FEA_HI.wav,CREMA-D,clipping,1.0,high
1035_IEO_HAP_HI.wav,CREMA-D,clipping,1.0,high
1035_IEO_HAP_LO.wav,CREMA-D,clipping,0.99139404296875,high
1035_IEO_HAP_MD.wav,CREMA-D,clipping,1.0,high
1035_IOM_ANG_XX.wav,CREMA-D,clipping,1.0,high
1035_ITH_ANG_XX.wav,CREMA-D,clipping,0.999969482421875,high
1035_ITS_ANG_XX.wav,CREMA-D,clipping,1.0,high
1035_IWW_ANG_XX.wav,CREMA-D,clipping,1.0,high
1035_IWW_DIS_XX.wav,CREMA-D,clipping,1.0,high
1035_TAI_ANG_XX.wav,CREMA-D,clipping,1.0,high
1035_TAI_HAP_XX.wav,CREMA-D,clipping,1.0,high
1035_TIE_ANG_XX.wav,CREMA-D,clipping,1.0,high
1035_TSI_ANG_XX.wav,CREMA-D,clipping,1.0,high
1035_WSI_ANG_XX.wav,CREMA-D,clipping,1.0,high
1036_DFA_ANG_XX.wav,CREMA-D,clipping,1.0,high
1036_DFA_HAP_XX.wav,CREMA-D,clipping,1.0,high
1036_IEO_ANG_HI.wav,CREMA-D,clipping,1.0,high
1036_IEO_DIS_HI.wav,CREMA-D,clipping,1.0,high
1036_IEO_FEA_HI.wav,CREMA-D,clipping,1.0,high
1036_ITH_ANG_XX.wav,CREMA-D,clipping,1.0,high
1036_ITS_ANG_XX.wav,CREMA-D,clipping,1.0,high
1036_ITS_HAP_XX.wav,CREMA-D,clipping,1.0,high
1036_IWL_ANG_XX.wav,CREMA-D,clipping,1.0,high
1036_IWL_DIS_XX.wav,CREMA-D,clipping,0.99749755859375,high
1036_MTI_ANG_XX.wav,CREMA-D,clipping,1.0,high
1036_TAI_ANG_XX.wav,CREMA-D,clipping,1.0,high
1036_TSI_ANG_XX.wav,CREMA-D,clipping,1.0,high
1036_TSI_FEA_XX.wav,CREMA-D,clipping,1.0,high
1036_WSI_ANG_XX.wav,CREMA-D,clipping,1.0,high
1037_IEO_ANG_HI.wav,CREMA-D,clipping,1.0,high
1037_IEO_ANG_MD.wav,CREMA-D,clipping,1.0,high
1037_IEO_HAP_HI.wav,CREMA-D,clipping,0.9947509765625,high
1037_IOM_ANG_XX.wav,CREMA-D,clipping,1.0,high
1037_IWW_ANG_XX.wav,CREMA-D,clipping,1.0,high
1037_TAI_ANG_XX.wav,CREMA-D,clipping,1.0,high
1037_TIE_ANG_XX.wav,CREMA-D,clipping,1.0,high
1038_IEO_ANG_HI.wav,CREMA-D,clipping,1.0,high
1038_IEO_ANG_MD.wav,CREMA-D,clipping,1.0,high
1038_IEO_FEA_HI.wav,CREMA-D,clipping,1.0,high
1038_IEO_HAP_HI.wav,CREMA-D,clipping,1.0,high
1038_ITS_ANG_XX.wav,CREMA-D,clipping,1.0,high
1038_TAI_HAP_XX.wav,CREMA-D,clipping,0.999969482421875,high
1038_WSI_ANG_XX.wav,CREMA-D,clipping,1.0,high
1039_DFA_ANG_XX.wav,CREMA-D,clipping,1.0,high
1039_DFA_HAP_XX.wav,CREMA-D,clipping,1.0,high
1039_IEO_ANG_HI.wav,CREMA-D,clipping,1.0,high
1039_IEO_DIS_HI.wav,CREMA-D,clipping,1.0,high
1039_IEO_FEA_HI.wav,CREMA-D,clipping,1.0,high
1039_IEO_HAP_HI.wav,CREMA-D,clipping,1.0,high
1039_IOM_ANG_XX.wav,CREMA-D,clipping,1.0,high
1039_ITH_ANG_XX.wav,CREMA-D,clipping,1.0,high
1039_ITH_HAP_XX.wav,CREMA-D,clipping,0.999969482421875,high
1039_IWL_ANG_XX.wav,CREMA-D,clipping,1.0,high
1039_IWL_HAP_XX.wav,CREMA-D,clipping,1.0,high
1039_IWW_ANG_XX.wav,CREMA-D,clipping,1.0,high
1039_MTI_ANG_XX.wav,CREMA-D,clipping,1.0,high
1039_MTI_DIS_XX.wav,CREMA-D,clipping,1.0,high
1039_MTI_HAP_XX.wav,CREMA-D,clipping,0.999969482421875,high
1039_TAI_ANG_XX.wav,CREMA-D,clipping,1.0,high
1039_TAI_HAP_XX.wav,CREMA-D,clipping,1.0,high
1039_TIE_ANG_XX.wav,CREMA-D,clipping,1.0,high
1039_TIE_HAP_XX.wav,CREMA-D,clipping,1.0,high
1039_TSI_HAP_XX.wav,CREMA-D,clipping,1.0,high
1039_WSI_ANG_XX.wav,CREMA-D,clipping,1.0,high
1040_IEO_ANG_HI.wav,CREMA-D,clipping,1.0,high
1040_IEO_FEA_HI.wav,CREMA-D,clipping,1.0,high
1041_DFA_ANG_XX.wav,CREMA-D,clipping,1.0,high
1041_IEO_ANG_HI.wav,CREMA-D,clipping,1.0,high
1041_ITH_ANG_XX.wav,CREMA-D,clipping,1.0,high
1041_IWL_ANG_XX.wav,CREMA-D,clipping,0.999969482421875,high
1041_IWW_ANG_XX.wav,CREMA-D,clipping,1.0,high
1041_MTI_ANG_XX.wav,CREMA-D,clipping,1.0,high
1041_TAI_ANG_XX.wav,CREMA-D,clipping,1.0,high
1041_TSI_ANG_XX.wav,CREMA-D,clipping,1.0,high
1041_WSI_ANG_XX.wav,CREMA-D,clipping,0.999969482421875,high
1042_IEO_ANG_HI.wav,CREMA-D,clipping,1.0,high
1042_IEO_FEA_HI.wav,CREMA-D,clipping,1.0,high
1043_WSI_ANG_XX.wav,CREMA-D,clipping,0.99224853515625,high
1044_DFA_ANG_XX.wav,CREMA-D,clipping,1.0,high
1044_DFA_DIS_XX.wav,CREMA-D,clipping,0.999969482421875,high
1044_DFA_FEA_XX.wav,CREMA-D,clipping,1.0,high
1044_IEO_ANG_HI.wav,CREMA-D,clipping,1.0,high
1044_IEO_DIS_HI.wav,CREMA-D,clipping,1.0,high
1044_IEO_DIS_MD.wav,CREMA-D,clipping,1.0,high
1044_IEO_FEA_HI.wav,CREMA-D,clipping,1.0,high
1044_ITS_DIS_XX.wav,CREMA-D,clipping,0.999969482421875,high
1044_IWL_ANG_XX.wav,CREMA-D,clipping,1.0,high
1044_IWL_DIS_XX.wav,CREMA-D,clipping,1.0,high
1044_MTI_ANG_XX.wav,CREMA-D,clipping,1.0,high
1044_TAI_DIS_XX.wav,CREMA-D,clipping,1.0,high
1044_TIE_DIS_XX.wav,CREMA-D,clipping,0.999969482421875,high
1044_TSI_ANG_XX.wav,CREMA-D,clipping,1.0,high
1044_WSI_ANG_XX.wav,CREMA-D,clipping,1.0,high
1044_WSI_DIS_XX.wav,CREMA-D,clipping,1.0,high
1044_WSI_FEA_XX.wav,CREMA-D,clipping,1.0,high
1045_IEO_ANG_HI.wav,CREMA-D,clipping,1.0,high
1045_IEO_FEA_HI.wav,CREMA-D,clipping,1.0,high
1046_IEO_ANG_HI.wav,CREMA-D,clipping,0.999969482421875,high
1047_IEO_ANG_HI.wav,CREMA-D,clipping,1.0,high
1047_IEO_FEA_HI.wav,CREMA-D,clipping,1.0,high
1047_TIE_ANG_XX.wav,CREMA-D,clipping,1.0,high
1047_TIE_HAP_XX.wav,CREMA-D,clipping,1.0,high
1048_DFA_ANG_XX.wav,CREMA-D,clipping,1.0,high
1048_IEO_ANG_HI.wav,CREMA-D,clipping,1.0,high
1048_IEO_ANG_MD.wav,CREMA-D,clipping,1.0,high
1048_IEO_FEA_HI.wav,CREMA-D,clipping,1.0,high
1048_IEO_FEA_MD.wav,CREMA-D,clipping,0.999969482421875,high
1048_IWL_ANG_XX.wav,CREMA-D,clipping,1.0,high
1048_MTI_ANG_XX.wav,CREMA-D,clipping,1.0,high
1048_TSI_ANG_XX.wav,CREMA-D,clipping,1.0,high
1049_IEO_ANG_HI.wav,CREMA-D,clipping,1.0,high
1049_IWW_ANG_XX.wav,CREMA-D,clipping,1.0,high
1050_DFA_ANG_XX.wav,CREMA-D,clipping,1.0,high
1050_IEO_ANG_HI.wav,CREMA-D,clipping,1.0,high
1050_IEO_ANG_LO.wav,CREMA-D,clipping,1.0,high
1050_IEO_ANG_MD.wav,CREMA-D,clipping,1.0,high
1050_IEO_FEA_HI.wav,CREMA-D,clipping,1.0,high
1050_IEO_FEA_MD.wav,CREMA-D,clipping,1.0,high
1050_IEO_HAP_HI.wav,CREMA-D,clipping,1.0,high
1050_ITH_ANG_XX.wav,CREMA-D,clipping,1.0,high
1050_ITS_ANG_XX.wav,CREMA-D,clipping,1.0,high
1050_IWL_ANG_XX.wav,CREMA-D,clipping,1.0,high
1050_IWL_DIS_XX.wav,CREMA-D,clipping,1.0,high
1050_MTI_ANG_XX.wav,CREMA-D,clipping,1.0,high
1050_TAI_ANG_XX.wav,CREMA-D,clipping,1.0,high
1050_TIE_ANG_XX.wav,CREMA-D,clipping,1.0,high
1050_TSI_ANG_XX.wav,CREMA-D,clipping,1.0,high
1050_WSI_ANG_XX.wav,CREMA-D,clipping,1.0,high
1051_IEO_ANG_HI.wav,CREMA-D,clipping,0.999969482421875,high
1051_IEO_HAP_HI.wav,CREMA-D,clipping,1.0,high
1051_IWL_ANG_XX.wav,CREMA-D,clipping,1.0,high
1052_DFA_ANG_XX.wav,CREMA-D,clipping,1.0,high
1052_IEO_ANG_HI.wav,CREMA-D,clipping,1.0,high
1052_IEO_FEA_HI.wav,CREMA-D,clipping,1.0,high
1052_IOM_ANG_XX.wav,CREMA-D,clipping,0.999969482421875,high
1052_MTI_ANG_XX.wav,CREMA-D,clipping,1.0,high
1052_TAI_ANG_XX.wav,CREMA-D,clipping,1.0,high
1052_TIE_ANG_XX.wav,CREMA-D,clipping,1.0,high
1052_WSI_ANG_XX.wav,CREMA-D,clipping,1.0,high
1053_IEO_ANG_HI.wav,CREMA-D,clipping,1.0,high
1053_TAI_FEA_XX.wav,CREMA-D,clipping,1.0,high
1054_IEO_ANG_HI.wav,CREMA-D,clipping,1.0,high
1055_DFA_ANG_XX.wav,CREMA-D,clipping,0.999969482421875,high
1055_DFA_FEA_XX.wav,CREMA-D,clipping,1.0,high
1055_IEO_ANG_HI.wav,CREMA-D,clipping,1.0,high
1055_IEO_FEA_HI.wav,CREMA-D,clipping,1.0,high
1055_IEO_HAP_LO.wav,CREMA-D,clipping,1.0,high
1055_ITH_FEA_XX.wav,CREMA-D,clipping,1.0,high
1055_ITS_FEA_XX.wav,CREMA-D,clipping,1.0,high
1055_TIE_FEA_XX.wav,CREMA-D,clipping,1.0,high
1055_TSI_FEA_XX.wav,CREMA-D,clipping,1.0,high
1055_WSI_FEA_XX.wav,CREMA-D,clipping,1.0,high
1056_DFA_ANG_XX.wav,CREMA-D,clipping,0.999969482421875,high
1056_IEO_ANG_HI.wav,CREMA-D,clipping,1.0,high
1056_IEO_ANG_MD.wav,CREMA-D,clipping,1.0,high
1056_IWL_ANG_XX.wav,CREMA-D,clipping,1.0,high
1056_TSI_ANG_XX.wav,CREMA-D,clipping,1.0,high
1057_DFA_ANG_XX.wav,CREMA-D,clipping,0.999969482421875,high
1057_IEO_ANG_HI.wav,CREMA-D,clipping,1.0,high
1057_IEO_FEA_HI.wav,CREMA-D,clipping,0.999969482421875,high
1057_IEO_HAP_HI.wav,CREMA-D,clipping,0.999969482421875,high
1057_ITH_ANG_XX.wav,CREMA-D,clipping,1.0,high
1057_IWL_HAP_XX.wav,CREMA-D,clipping,1.0,high
1057_TIE_ANG_XX.wav,CREMA-D,clipping,1.0,high
1057_TIE_HAP_XX.wav,CREMA-D,clipping,1.0,high
1057_TSI_ANG_XX.wav,CREMA-D,clipping,1.0,high
1057_WSI_ANG_XX.wav,CREMA-D,clipping,1.0,high
1058_IEO_ANG_HI.wav,CREMA-D,clipping,1.0,high
1058_IEO_ANG_MD.wav,CREMA-D,clipping,1.0,high
1058_IEO_FEA_HI.wav,CREMA-D,clipping,1.0,high
1058_IEO_HAP_HI.wav,CREMA-D,clipping,1.0,high
1058_TSI_ANG_XX.wav,CREMA-D,clipping,0.999969482421875,high
1058_TSI_FEA_XX.wav,CREMA-D,clipping,1.0,high
1058_WSI_FEA_XX.wav,CREMA-D,clipping,1.0,high
1059_DFA_ANG_XX.wav,CREMA-D,clipping,1.0,high
1059_DFA_FEA_XX.wav,CREMA-D,clipping,1.0,high
1059_DFA_HAP_XX.wav,CREMA-D,clipping,1.0,high
1059_IEO_ANG_HI.wav,CREMA-D,clipping,1.0,high
1059_IEO_ANG_MD.wav,CREMA-D,clipping,1.0,high
1059_IEO_FEA_HI.wav,CREMA-D,clipping,1.0,high
1059_IEO_HAP_HI.wav,CREMA-D,clipping,1.0,high
1059_IOM_ANG_XX.wav,CREMA-D,clipping,1.0,high
1059_IOM_HAP_XX.wav,CREMA-D,clipping,1.0,high
1059_ITH_ANG_XX.wav,CREMA-D,clipping,1.0,high
1059_ITH_FEA_XX.wav,CREMA-D,clipping,1.0,high
1059_ITH_HAP_XX.wav,CREMA-D,clipping,1.0,high
1059_ITS_ANG_XX.wav,CREMA-D,clipping,1.0,high
1059_ITS_HAP_XX.wav,CREMA-D,clipping,0.999969482421875,high
1059_IWL_ANG_XX.wav,CREMA-D,clipping,1.0,high
1059_IWL_FEA_XX.wav,CREMA-D,clipping,1.0,high
1059_IWL_HAP_XX.wav,CREMA-D,clipping,1.0,high
1059_IWW_ANG_XX.wav,CREMA-D,clipping,1.0,high
1059_IWW_FEA_XX.wav,CREMA-D,clipping,1.0,high
1059_IWW_HAP_XX.wav,CREMA-D,clipping,1.0,high
1059_MTI_ANG_XX.wav,CREMA-D,clipping,1.0,high
1059_MTI_FEA_XX.wav,CREMA-D,clipping,1.0,high
1059_MTI_HAP_XX.wav,CREMA-D,clipping,1.0,high
1059_TAI_ANG_XX.wav,CREMA-D,clipping,1.0,high
1059_TAI_FEA_XX.wav,CREMA-D,clipping,1.0,high
1059_TAI_HAP_XX.wav,CREMA-D,clipping,1.0,high
1059_TIE_ANG_XX.wav,CREMA-D,clipping,1.0,high
1059_TIE_FEA_XX.wav,CREMA-D,clipping,1.0,high
1059_TIE_HAP_XX.wav,CREMA-D,clipping,1.0,high
1059_TIE_SAD_XX.wav,CREMA-D,clipping,1.0,high
1059_TSI_ANG_XX.wav,CREMA-D,clipping,1.0,high
1059_TSI_FEA_XX.wav,CREMA-D,clipping,1.0,high
1059_TSI_HAP_XX.wav,CREMA-D,clipping,1.0,high
1059_WSI_ANG_XX.wav,CREMA-D,clipping,1.0,high
1059_WSI_HAP_XX.wav,CREMA-D,clipping,1.0,high
1060_IEO_ANG_HI.wav,CREMA-D,clipping,1.0,high
1061_IEO_ANG_HI.wav,CREMA-D,clipping,1.0,high
1061_IEO_FEA_HI.wav,CREMA-D,clipping,1.0,high
1061_MTI_ANG_XX.wav,CREMA-D,clipping,1.0,high
1061_TSI_ANG_XX.wav,CREMA-D,clipping,1.0,high
1062_DFA_ANG_XX.wav,CREMA-D,clipping,1.0,high
1062_IEO_ANG_HI.wav,CREMA-D,clipping,1.0,high
1062_ITH_ANG_XX.wav,CREMA-D,clipping,0.999969482421875,high
1062_ITS_ANG_XX.wav,CREMA-D,clipping,1.0,high
1062_IWL_ANG_XX.wav,CREMA-D,clipping,1.0,high
1062_MTI_ANG_XX.wav,CREMA-D,clipping,1.0,high
1062_TAI_ANG_XX.wav,CREMA-D,clipping,1.0,high
1062_TIE_ANG_XX.wav,CREMA-D,clipping,0.9920654296875,high
1062_WSI_ANG_XX.wav,CREMA-D,clipping,1.0,high
1063_IEO_ANG_HI.wav,CREMA-D,clipping,1.0,high
1064_DFA_ANG_XX.wav,CREMA-D,clipping,1.0,high
1064_DFA_FEA_XX.wav,CREMA-D,clipping,1.0,high
1064_IEO_ANG_HI.wav,CREMA-D,clipping,1.0,high
1064_IEO_ANG_MD.wav,CREMA-D,clipping,1.0,high
1064_IEO_FEA_HI.wav,CREMA-D,clipping,1.0,high
1064_IEO_HAP_HI.wav,CREMA-D,clipping,0.999969482421875,high
1064_IOM_ANG_XX.wav,CREMA-D,clipping,1.0,high
1064_ITH_ANG_XX.wav,CREMA-D,clipping,0.999969482421875,high
1064_ITS_ANG_XX.wav,CREMA-D,clipping,1.0,high
1064_ITS_FEA_XX.wav,CREMA-D,clipping,1.0,high
1064_IWW_ANG_XX.wav,CREMA-D,clipping,1.0,high
1064_TAI_ANG_XX.wav,CREMA-D,clipping,0.999969482421875,high
1064_TIE_ANG_XX.wav,CREMA-D,clipping,1.0,high
1064_TSI_ANG_XX.wav,CREMA-D,clipping,1.0,high
1064_WSI_ANG_XX.wav,CREMA-D,clipping,1.0,high
1065_DFA_ANG_XX.wav,CREMA-D,clipping,0.999969482421875,high
1065_IEO_ANG_HI.wav,CREMA-D,clipping,1.0,high
1065_IOM_ANG_XX.wav,CREMA-D,clipping,0.999969482421875,high
1065_IWL_ANG_XX.wav,CREMA-D,clipping,1.0,high
1065_MTI_ANG_XX.wav,CREMA-D,clipping,0.999969482421875,high
1065_TAI_ANG_XX.wav,CREMA-D,clipping,1.0,high
1065_TIE_ANG_XX.wav,CREMA-D,clipping,0.999969482421875,high
1065_TSI_ANG_XX.wav,CREMA-D,clipping,1.0,high
1065_WSI_ANG_XX.wav,CREMA-D,clipping,1.0,high
1066_IEO_ANG_HI.wav,CREMA-D,clipping,1.0,high
1066_MTI_ANG_XX.wav,CREMA-D,clipping,0.999969482421875,high
1066_TAI_ANG_XX.wav,CREMA-D,clipping,0.999969482421875,high
1066_WSI_ANG_XX.wav,CREMA-D,clipping,1.0,high
1067_IEO_ANG_HI.wav,CREMA-D,clipping,1.0,high
1067_TAI_ANG_XX.wav,CREMA-D,clipping,0.990631103515625,high
1067_TSI_ANG_XX.wav,CREMA-D,clipping,0.99957275390625,high
1068_DFA_ANG_XX.wav,CREMA-D,clipping,1.0,high
1068_IEO_ANG_HI.wav,CREMA-D,clipping,1.0,high
1068_IEO_ANG_MD.wav,CREMA-D,clipping,1.0,high
1068_IEO_DIS_HI.wav,CREMA-D,clipping,1.0,high
1068_IEO_HAP_HI.wav,CREMA-D,clipping,0.999969482421875,high
1068_ITH_ANG_XX.wav,CREMA-D,clipping,1.0,high
1068_ITS_ANG_XX.wav,CREMA-D,clipping,1.0,high
1068_IWL_ANG_XX.wav,CREMA-D,clipping,1.0,high
1068_IWW_ANG_XX.wav,CREMA-D,clipping,0.999969482421875,high
1068_TAI_ANG_XX.wav,CREMA-D,clipping,0.999969482421875,high
1068_TSI_ANG_XX.wav,CREMA-D,clipping,1.0,high
1068_WSI_ANG_XX.wav,CREMA-D,clipping,1.0,high
1069_DFA_ANG_XX.wav,CREMA-D,clipping,1.0,high
1069_DFA_HAP_XX.wav,CREMA-D,clipping,1.0,high
1069_IEO_ANG_HI.wav,CREMA-D,clipping,1.0,high
1069_IEO_ANG_MD.wav,CREMA-D,clipping,0.999969482421875,high
1069_IEO_DIS_HI.wav,CREMA-D,clipping,1.0,high
1069_IEO_DIS_MD.wav,CREMA-D,clipping,1.0,high
1069_IEO_FEA_HI.wav,CREMA-D,clipping,1.0,high
1069_IEO_HAP_HI.wav,CREMA-D,clipping,1.0,high
1069_IEO_HAP_MD.wav,CREMA-D,clipping,1.0,high
1069_IOM_ANG_XX.wav,CREMA-D,clipping,1.0,high
1069_ITH_ANG_XX.wav,CREMA-D,clipping,1.0,high
1069_ITS_ANG_XX.wav,CREMA-D,clipping,1.0,high
1069_IWL_FEA_XX.wav,CREMA-D,clipping,1.0,high
1069_IWL_HAP_XX.wav,CREMA-D,clipping,1.0,high
1069_IWW_ANG_XX.wav,CREMA-D,clipping,1.0,high
1069_TAI_FEA_XX.wav,CREMA-D,clipping,1.0,high
1069_TIE_ANG_XX.wav,CREMA-D,clipping,1.0,high
1069_TIE_DIS_XX.wav,CREMA-D,clipping,1.0,high
1069_TIE_FEA_XX.wav,CREMA-D,clipping,1.0,high
1069_TSI_ANG_XX.wav,CREMA-D,clipping,1.0,high
1069_TSI_FEA_XX.wav,CREMA-D,clipping,1.0,high
1069_WSI_ANG_XX.wav,CREMA-D,clipping,1.0,high
1069_WSI_FEA_XX.wav,CREMA-D,clipping,1.0,high
1069_WSI_HAP_XX.wav,CREMA-D,clipping,1.0,high
1070_IEO_ANG_HI.wav,CREMA-D,clipping,1.0,high
1070_ITH_ANG_XX.wav,CREMA-D,clipping,1.0,high
1070_IWL_ANG_XX.wav,CREMA-D,clipping,1.0,high
1070_IWW_ANG_XX.wav,CREMA-D,clipping,0.999969482421875,high
1070_TAI_ANG_XX.wav,CREMA-D,clipping,1.0,high
1070_TIE_ANG_XX.wav,CREMA-D,clipping,0.999969482421875,high
1072_IEO_ANG_HI.wav,CREMA-D,clipping,1.0,high
1072_IEO_ANG_MD.wav,CREMA-D,clipping,1.0,high
1072_IEO_DIS_MD.wav,CREMA-D,clipping,1.0,high
1072_IOM_ANG_XX.wav,CREMA-D,clipping,1.0,high
1072_IWL_ANG_XX.wav,CREMA-D,clipping,0.999969482421875,high
1072_IWW_ANG_XX.wav,CREMA-D,clipping,1.0,high
1072_MTI_ANG_XX.wav,CREMA-D,clipping,1.0,high
1072_TAI_ANG_XX.wav,CREMA-D,clipping,1.0,high
1072_TIE_ANG_XX.wav,CREMA-D,clipping,1.0,high
1072_TSI_ANG_XX.wav,CREMA-D,clipping,0.999969482421875,high
1072_WSI_FEA_XX.wav,CREMA-D,clipping,1.0,high
1073_IEO_ANG_HI.wav,CREMA-D,clipping,1.0,high
1074_DFA_ANG_XX.wav,CREMA-D,clipping,0.999969482421875,high
1074_IEO_ANG_HI.wav,CREMA-D,clipping,1.0,high
1074_IEO_FEA_HI.wav,CREMA-D,clipping,1.0,high
1074_IOM_ANG_XX.wav,CREMA-D,clipping,1.0,high
1074_ITH_ANG_XX.wav,CREMA-D,clipping,1.0,high
1074_ITS_ANG_XX.wav,CREMA-D,clipping,0.999969482421875,high
1074_IWL_ANG_XX.wav,CREMA-D,clipping,1.0,high
1074_IWW_ANG_XX.wav,CREMA-D,clipping,1.0,high
1074_TAI_ANG_XX.wav,CREMA-D,clipping,1.0,high
1074_TIE_ANG_XX.wav,CREMA-D,clipping,1.0,high
1074_TSI_ANG_XX.wav,CREMA-D,clipping,1.0,high
1074_WSI_ANG_XX.wav,CREMA-D,clipping,1.0,high
1074_WSI_DIS_XX.wav,CREMA-D,clipping,1.0,high
1075_IEO_FEA_HI.wav,CREMA-D,clipping,1.0,high
1076_MTI_SAD_XX.wav,CREMA-D,too_quiet,0.0,high
1077_DFA_ANG_XX.wav,CREMA-D,clipping,0.999969482421875,high
1077_IEO_ANG_HI.wav,CREMA-D,clipping,1.0,high
1077_IEO_ANG_MD.wav,CREMA-D,clipping,1.0,high
1077_IOM_ANG_XX.wav,CREMA-D,clipping,1.0,high
1077_ITH_ANG_XX.wav,CREMA-D,clipping,1.0,high
1077_IWL_ANG_XX.wav,CREMA-D,clipping,0.999969482421875,high
1077_IWW_ANG_XX.wav,CREMA-D,clipping,1.0,high
1077_TAI_ANG_XX.wav,CREMA-D,clipping,1.0,high
1077_TIE_ANG_XX.wav,CREMA-D,clipping,1.0,high
1077_WSI_ANG_XX.wav,CREMA-D,clipping,1.0,high
1078_IEO_ANG_HI.wav,CREMA-D,clipping,1.0,high
1078_IEO_FEA_HI.wav,CREMA-D,clipping,1.0,high
1078_TAI_ANG_XX.wav,CREMA-D,clipping,1.0,high
1078_TIE_ANG_XX.wav,CREMA-D,clipping,0.999969482421875,high
1078_TSI_ANG_XX.wav,CREMA-D,clipping,1.0,high
1079_DFA_FEA_XX.wav,CREMA-D,clipping,1.0,high
1079_IEO_ANG_HI.wav,CREMA-D,clipping,1.0,high
1079_IEO_ANG_MD.wav,CREMA-D,clipping,1.0,high
1079_IEO_FEA_HI.wav,CREMA-D,clipping,1.0,high
1079_IEO_HAP_HI.wav,CREMA-D,clipping,1.0,high
1079_ITH_FEA_XX.wav,CREMA-D,clipping,1.0,high
1079_ITH_HAP_XX.wav,CREMA-D,clipping,1.0,high
1079_ITS_FEA_XX.wav,CREMA-D,clipping,1.0,high
1079_TIE_ANG_XX.wav,CREMA-D,clipping,1.0,high
1079_TSI_FEA_XX.wav,CREMA-D,clipping,1.0,high
1079_WSI_FEA_XX.wav,CREMA-D,clipping,1.0,high
1080_IEO_ANG_HI.wav,CREMA-D,clipping,1.0,high
1080_IEO_FEA_HI.wav,CREMA-D,clipping,1.0,high
1080_IOM_ANG_XX.wav,CREMA-D,clipping,0.999969482421875,high
1080_IWL_ANG_XX.wav,CREMA-D,clipping,1.0,high
1080_MTI_ANG_XX.wav,CREMA-D,clipping,0.999969482421875,high
1080_TAI_ANG_XX.wav,CREMA-D,clipping,1.0,high
1080_TSI_ANG_XX.wav,CREMA-D,clipping,1.0,high
1080_WSI_ANG_XX.wav,CREMA-D,clipping,1.0,high
1081_IEO_ANG_HI.wav,CREMA-D,clipping,1.0,high
1081_IEO_HAP_HI.wav,CREMA-D,clipping,1.0,high
1081_ITH_ANG_XX.wav,CREMA-D,clipping,1.0,high
1081_ITS_HAP_XX.wav,CREMA-D,clipping,1.0,high
1081_TSI_ANG_XX.wav,CREMA-D,clipping,1.0,high
1082_IEO_ANG_HI.wav,CREMA-D,clipping,0.994384765625,high
1085_DFA_ANG_XX.wav,CREMA-D,clipping,0.999969482421875,high
1086_IEO_ANG_HI.wav,CREMA-D,clipping,0.999969482421875,high
1086_WSI_ANG_XX.wav,CREMA-D,clipping,0.999969482421875,high
1088_IEO_ANG_HI.wav,CREMA-D,clipping,1.0,high
1089_IWL_ANG_XX.wav,CREMA-D,clipping,0.999969482421875,high
1089_TAI_ANG_XX.wav,CREMA-D,clipping,0.999969482421875,high
1089_TIE_ANG_XX.wav,CREMA-D,clipping,1.0,high
1091_IEO_ANG_HI.wav,CREMA-D,clipping,0.999969482421875,high
Ses01F_impro01.wav,IEMOCAP,too_long,133.6261875,medium
Ses01F_impro01.wav,IEMOCAP,clipping,1.0,high
Ses01F_impro02.wav,IEMOCAP,too_long,220.276625,medium
Ses01F_impro03.wav,IEMOCAP,too_long,131.1051875,medium
Ses01F_impro04.wav,IEMOCAP,too_long,222.907125,medium
Ses01F_impro05.wav,IEMOCAP,too_long,228.7266875,medium
Ses01F_impro06.wav,IEMOCAP,too_long,332.99825,medium
Ses01F_impro07.wav,IEMOCAP,too_long,149.3939375,medium
Ses01F_impro07.wav,IEMOCAP,clipping,1.0,high
Ses01F_script01_1.wav,IEMOCAP,too_long,476.9355625,medium
Ses01F_script01_2.wav,IEMOCAP,too_long,162.0175625,medium
Ses01F_script01_2.wav,IEMOCAP,clipping,1.0,high
Ses01F_script01_3.wav,IEMOCAP,too_long,474.0126875,medium
Ses01F_script02_1.wav,IEMOCAP,too_long,350.254375,medium
Ses01F_script02_2.wav,IEMOCAP,too_long,489.1430625,medium
Ses01F_script03_1.wav,IEMOCAP,too_long,314.0488125,medium
Ses01F_script03_2.wav,IEMOCAP,too_long,325.1826875,medium
Ses01F_script03_2.wav,IEMOCAP,clipping,1.0,high
Ses01M_impro01.wav,IEMOCAP,too_long,172.75775,medium
Ses01M_impro01.wav,IEMOCAP,clipping,1.0,high
Ses01M_impro02.wav,IEMOCAP,too_long,229.032625,medium
Ses01M_impro03.wav,IEMOCAP,too_long,161.5750625,medium
Ses01M_impro03.wav,IEMOCAP,clipping,1.0,high
Ses01M_impro04.wav,IEMOCAP,too_long,193.235625,medium
Ses01M_impro05.wav,IEMOCAP,too_long,206.2088125,medium
Ses01M_impro05.wav,IEMOCAP,clipping,1.0,high
Ses01M_impro06.wav,IEMOCAP,too_long,253.1820625,medium
Ses01M_impro07.wav,IEMOCAP,too_long,212.186375,medium
Ses01M_impro07.wav,IEMOCAP,clipping,1.0,high
Ses01M_script01_1.wav,IEMOCAP,too_long,471.501875,medium
Ses01M_script01_2.wav,IEMOCAP,too_long,181.6313125,medium
Ses01M_script01_2.wav,IEMOCAP,clipping,1.0,high
Ses01M_script01_3.wav,IEMOCAP,too_long,539.38525,medium
Ses01M_script02_1.wav,IEMOCAP,too_long,421.5460625,medium
Ses01M_script02_2.wav,IEMOCAP,too_long,551.6064375,medium
Ses01M_script03_1.wav,IEMOCAP,too_long,302.7230625,medium
Ses01M_script03_1.wav,IEMOCAP,clipping,1.0,high
Ses01M_script03_2.wav,IEMOCAP,too_long,340.104375,medium
Ses01M_script03_2.wav,IEMOCAP,clipping,1.0,high
Ses01F_impro01_F006.wav,IEMOCAP,clipping,0.999969482421875,high
Ses01F_impro01_F012.wav,IEMOCAP,clipping,0.999969482421875,high
Ses01F_impro01_F015.wav,IEMOCAP,clipping,1.0,high
Ses01F_impro01_M011.wav,IEMOCAP,clipping,1.0,high
Ses01F_impro01_M013.wav,IEMOCAP,clipping,1.0,high
Ses01F_impro03_F003.wav,IEMOCAP,clipping,1.0,high
Ses01F_impro03_F015.wav,IEMOCAP,clipping,0.995391845703125,high
Ses01F_impro03_M003.wav,IEMOCAP,clipping,1.0,high
Ses01F_impro03_M013.wav,IEMOCAP,clipping,1.0,high
Ses01F_impro04_F030.wav,IEMOCAP,clipping,0.999969482421875,high
Ses01F_impro05_F010.wav,IEMOCAP,clipping,0.999969482421875,high
Ses01F_impro05_F015.wav,IEMOCAP,clipping,1.0,high
Ses01F_impro05_F016.wav,IEMOCAP,clipping,1.0,high
Ses01F_impro05_F017.wav,IEMOCAP,clipping,1.0,high
Ses01F_impro05_F019.wav,IEMOCAP,clipping,1.0,high
Ses01F_impro05_F020.wav,IEMOCAP,clipping,1.0,high
Ses01F_impro05_F021.wav,IEMOCAP,clipping,1.0,high
Ses01F_impro05_F025.wav,IEMOCAP,clipping,1.0,high
Ses01F_impro07_F000.wav,IEMOCAP,clipping,1.0,high
Ses01F_impro07_F003.wav,IEMOCAP,clipping,1.0,high
Ses01F_impro07_F005.wav,IEMOCAP,clipping,1.0,high
Ses01F_impro07_F006.wav,IEMOCAP,clipping,1.0,high
Ses01F_impro07_F010.wav,IEMOCAP,clipping,1.0,high
Ses01F_impro07_F011.wav,IEMOCAP,clipping,0.999969482421875,high
Ses01F_impro07_F012.wav,IEMOCAP,clipping,1.0,high
Ses01F_impro07_M001.wav,IEMOCAP,clipping,1.0,high
Ses01F_impro07_M002.wav,IEMOCAP,clipping,1.0,high
Ses01F_impro07_M005.wav,IEMOCAP,clipping,0.999969482421875,high
Ses01F_impro07_M006.wav,IEMOCAP,clipping,1.0,high
Ses01F_impro07_M007.wav,IEMOCAP,clipping,1.0,high
Ses01F_script01_1_F037.wav,IEMOCAP,clipping,1.0,high
Ses01F_script01_1_F038.wav,IEMOCAP,clipping,0.999969482421875,high
Ses01F_script01_1_F041.wav,IEMOCAP,clipping,1.0,high
Ses01F_script01_1_M038.wav,IEMOCAP,clipping,1.0,high
Ses01F_script01_2_F005.wav,IEMOCAP,clipping,1.0,high
Ses01F_script01_2_F006.wav,IEMOCAP,clipping,1.0,high
Ses01F_script01_2_F007.wav,IEMOCAP,clipping,1.0,high
Ses01F_script01_2_F008.wav,IEMOCAP,clipping,1.0,high
Ses01F_script01_2_F010.wav,IEMOCAP,clipping,1.0,high
Ses01F_script01_2_F011.wav,IEMOCAP,clipping,0.999969482421875,high
Ses01F_script01_2_F012.wav,IEMOCAP,clipping,1.0,high
Ses01F_script01_2_F013.wav,IEMOCAP,clipping,1.0,high
Ses01F_script01_2_M014.wav,IEMOCAP,clipping,1.0,high
Ses01F_script01_2_M015.wav,IEMOCAP,clipping,1.0,high
Ses01F_script01_2_M017.wav,IEMOCAP,clipping,1.0,high
Ses01F_script01_3_F012.wav,IEMOCAP,clipping,0.999969482421875,high
Ses01F_script01_3_F018.wav,IEMOCAP,clipping,0.999969482421875,high
Ses01F_script01_3_F020.wav,IEMOCAP,clipping,0.999969482421875,high
Ses01F_script02_1_M002.wav,IEMOCAP,clipping,1.0,high
Ses01F_script02_1_M035.wav,IEMOCAP,clipping,1.0,high
Ses01F_script02_2_F006.wav,IEMOCAP,clipping,0.999969482421875,high
Ses01F_script02_2_F009.wav,IEMOCAP,clipping,1.0,high
Ses01F_script02_2_F010.wav,IEMOCAP,clipping,1.0,high
Ses01F_script02_2_F012.wav,IEMOCAP,clipping,1.0,high
Ses01F_script02_2_F016.wav,IEMOCAP,clipping,1.0,high
Ses01F_script02_2_M008.wav,IEMOCAP,clipping,0.999969482421875,high
Ses01F_script02_2_M011.wav,IEMOCAP,clipping,0.999969482421875,high
Ses01F_script03_1_F005.wav,IEMOCAP,clipping,1.0,high
Ses01F_script03_1_F011.wav,IEMOCAP,clipping,1.0,high
Ses01F_script03_1_F024.wav,IEMOCAP,clipping,1.0,high
Ses01F_script03_1_F025.wav,IEMOCAP,clipping,0.999969482421875,high
Ses01F_script03_1_F027.wav,IEMOCAP,clipping,1.0,high
Ses01F_script03_1_F029.wav,IEMOCAP,clipping,1.0,high
Ses01F_script03_1_M013.wav,IEMOCAP,clipping,1.0,high
Ses01F_script03_1_M036.wav,IEMOCAP,clipping,0.999969482421875,high
Ses01F_script03_2_F021.wav,IEMOCAP,clipping,1.0,high
Ses01F_script03_2_F022.wav,IEMOCAP,clipping,1.0,high
Ses01F_script03_2_F023.wav,IEMOCAP,clipping,0.999969482421875,high
Ses01F_script03_2_F028.wav,IEMOCAP,clipping,1.0,high
Ses01F_script03_2_F036.wav,IEMOCAP,clipping,1.0,high
Ses01F_script03_2_F037.wav,IEMOCAP,clipping,1.0,high
Ses01F_script03_2_F040.wav,IEMOCAP,clipping,1.0,high
Ses01F_script03_2_M022.wav,IEMOCAP,clipping,1.0,high
Ses01F_script03_2_M023.wav,IEMOCAP,clipping,1.0,high
Ses01F_script03_2_M024.wav,IEMOCAP,clipping,1.0,high
Ses01F_script03_2_M025.wav,IEMOCAP,clipping,1.0,high
Ses01F_script03_2_M026.wav,IEMOCAP,clipping,1.0,high
Ses01F_script03_2_M035.wav,IEMOCAP,clipping,1.0,high
Ses01F_script03_2_M037.wav,IEMOCAP,clipping,1.0,high
Ses01F_script03_2_M040.wav,IEMOCAP,clipping,1.0,high
Ses01M_impro01_F000.wav,IEMOCAP,clipping,1.0,high
Ses01M_impro01_F002.wav,IEMOCAP,clipping,0.999969482421875,high
Ses01M_impro01_F006.wav,IEMOCAP,clipping,1.0,high
Ses01M_impro01_F008.wav,IEMOCAP,clipping,1.0,high
Ses01M_impro01_F009.wav,IEMOCAP,clipping,1.0,high
Ses01M_impro01_F010.wav,IEMOCAP,clipping,1.0,high
Ses01M_impro01_F011.wav,IEMOCAP,clipping,1.0,high
Ses01M_impro01_F012.wav,IEMOCAP,clipping,1.0,high
Ses01M_impro01_F015.wav,IEMOCAP,clipping,1.0,high
Ses01M_impro01_F017.wav,IEMOCAP,clipping,1.0,high
Ses01M_impro01_F018.wav,IEMOCAP,clipping,1.0,high
Ses01M_impro01_F019.wav,IEMOCAP,clipping,1.0,high
Ses01M_impro01_F020.wav,IEMOCAP,clipping,1.0,high
Ses01M_impro01_F021.wav,IEMOCAP,clipping,1.0,high
Ses01M_impro01_F022.wav,IEMOCAP,clipping,1.0,high
Ses01M_impro01_F024.wav,IEMOCAP,clipping,0.999969482421875,high
Ses01M_impro01_F026.wav,IEMOCAP,clipping,0.999969482421875,high
Ses01M_impro01_F028.wav,IEMOCAP,clipping,1.0,high
Ses01M_impro01_F029.wav,IEMOCAP,clipping,1.0,high
Ses01M_impro01_F030.wav,IEMOCAP,clipping,1.0,high
Ses01M_impro01_M012.wav,IEMOCAP,clipping,0.999969482421875,high
Ses01M_impro01_M018.wav,IEMOCAP,clipping,1.0,high
Ses01M_impro01_M019.wav,IEMOCAP,clipping,0.999969482421875,high
Ses01M_impro01_M020.wav,IEMOCAP,clipping,1.0,high
Ses01M_impro01_M021.wav,IEMOCAP,clipping,1.0,high
Ses01M_impro01_M024.wav,IEMOCAP,clipping,0.999969482421875,high
Ses01M_impro01_M025.wav,IEMOCAP,clipping,1.0,high
Ses01M_impro01_M030.wav,IEMOCAP,clipping,1.0,high
Ses01M_impro01_M031.wav,IEMOCAP,clipping,0.999969482421875,high
Ses01M_impro01_M032.wav,IEMOCAP,clipping,0.999969482421875,high
Ses01M_impro03_F005.wav,IEMOCAP,clipping,1.0,high
Ses01M_impro03_F006.wav,IEMOCAP,clipping,1.0,high
Ses01M_impro03_F007.wav,IEMOCAP,clipping,1.0,high
Ses01M_impro03_F008.wav,IEMOCAP,clipping,1.0,high
Ses01M_impro03_F009.wav,IEMOCAP,clipping,1.0,high
Ses01M_impro03_F010.wav,IEMOCAP,clipping,1.0,high
Ses01M_impro03_F011.wav,IEMOCAP,clipping,1.0,high
Ses01M_impro03_F013.wav,IEMOCAP,clipping,1.0,high
Ses01M_impro03_F014.wav,IEMOCAP,clipping,1.0,high
Ses01M_impro03_F015.wav,IEMOCAP,clipping,1.0,high
Ses01M_impro03_F016.wav,IEMOCAP,clipping,1.0,high
Ses01M_impro03_F019.wav,IEMOCAP,clipping,1.0,high
Ses01M_impro03_F022.wav,IEMOCAP,clipping,1.0,high
Ses01M_impro03_F023.wav,IEMOCAP,clipping,1.0,high
Ses01M_impro03_M005.wav,IEMOCAP,clipping,1.0,high
Ses01M_impro03_M006.wav,IEMOCAP,clipping,1.0,high
Ses01M_impro03_M007.wav,IEMOCAP,clipping,1.0,high
Ses01M_impro03_M011.wav,IEMOCAP,clipping,1.0,high
Ses01M_impro03_M016.wav,IEMOCAP,clipping,1.0,high
Ses01M_impro03_M022.wav,IEMOCAP,clipping,1.0,high
Ses01M_impro04_M019.wav,IEMOCAP,clipping,1.0,high
Ses01M_impro04_M023.wav,IEMOCAP,clipping,0.999969482421875,high
Ses01M_impro05_F014.wav,IEMOCAP,clipping,1.0,high
Ses01M_impro05_F015.wav,IEMOCAP,clipping,1.0,high
Ses01M_impro05_M003.wav,IEMOCAP,clipping,0.999969482421875,high
Ses01M_impro05_M005.wav,IEMOCAP,clipping,1.0,high
Ses01M_impro05_M006.wav,IEMOCAP,clipping,1.0,high
Ses01M_impro05_M007.wav,IEMOCAP,clipping,1.0,high
Ses01M_impro05_M008.wav,IEMOCAP,clipping,1.0,high
Ses01M_impro05_M011.wav,IEMOCAP,clipping,1.0,high
Ses01M_impro05_M012.wav,IEMOCAP,clipping,1.0,high
Ses01M_impro05_M013.wav,IEMOCAP,clipping,1.0,high
Ses01M_impro05_M014.wav,IEMOCAP,clipping,1.0,high
Ses01M_impro05_M026.wav,IEMOCAP,clipping,1.0,high
Ses01M_impro07_F001.wav,IEMOCAP,clipping,1.0,high
Ses01M_impro07_F003.wav,IEMOCAP,clipping,1.0,high
Ses01M_impro07_F004.wav,IEMOCAP,clipping,1.0,high
Ses01M_impro07_F005.wav,IEMOCAP,clipping,1.0,high
Ses01M_impro07_F006.wav,IEMOCAP,clipping,1.0,high
Ses01M_impro07_F007.wav,IEMOCAP,clipping,1.0,high
Ses01M_impro07_F009.wav,IEMOCAP,clipping,1.0,high
Ses01M_impro07_F014.wav,IEMOCAP,clipping,1.0,high
Ses01M_impro07_F025.wav,IEMOCAP,clipping,0.999969482421875,high
Ses01M_impro07_F026.wav,IEMOCAP,clipping,1.0,high
Ses01M_impro07_F027.wav,IEMOCAP,clipping,1.0,high
Ses01M_impro07_M002.wav,IEMOCAP,clipping,1.0,high
Ses01M_impro07_M003.wav,IEMOCAP,clipping,1.0,high
Ses01M_impro07_M005.wav,IEMOCAP,clipping,1.0,high
Ses01M_impro07_M011.wav,IEMOCAP,clipping,1.0,high
Ses01M_impro07_M022.wav,IEMOCAP,clipping,1.0,high
Ses01M_impro07_M023.wav,IEMOCAP,clipping,1.0,high
Ses01M_script01_1_F016.wav,IEMOCAP,clipping,1.0,high
Ses01M_script01_1_F020.wav,IEMOCAP,clipping,0.999969482421875,high
Ses01M_script01_1_F023.wav,IEMOCAP,clipping,1.0,high
Ses01M_script01_1_F024.wav,IEMOCAP,clipping,1.0,high
Ses01M_script01_1_F030.wav,IEMOCAP,clipping,1.0,high
Ses01M_script01_1_F032.wav,IEMOCAP,clipping,1.0,high
Ses01M_script01_1_F035.wav,IEMOCAP,clipping,1.0,high
Ses01M_script01_1_F036.wav,IEMOCAP,clipping,1.0,high
Ses01M_script01_1_F037.wav,IEMOCAP,clipping,1.0,high
Ses01M_script01_1_F040.wav,IEMOCAP,clipping,1.0,high
Ses01M_script01_1_F041.wav,IEMOCAP,clipping,1.0,high
Ses01M_script01_1_F042.wav,IEMOCAP,clipping,1.0,high
Ses01M_script01_1_M023.wav,IEMOCAP,clipping,0.999969482421875,high
Ses01M_script01_2_F004.wav,IEMOCAP,clipping,1.0,high
Ses01M_script01_2_F005.wav,IEMOCAP,clipping,1.0,high
Ses01M_script01_2_F006.wav,IEMOCAP,clipping,1.0,high
Ses01M_script01_2_F009.wav,IEMOCAP,clipping,1.0,high
Ses01M_script01_2_F011.wav,IEMOCAP,clipping,1.0,high
Ses01M_script01_2_F012.wav,IEMOCAP,clipping,1.0,high
Ses01M_script01_2_F013.wav,IEMOCAP,clipping,1.0,high
Ses01M_script01_2_M009.wav,IEMOCAP,clipping,1.0,high
Ses01M_script01_2_M012.wav,IEMOCAP,clipping,1.0,high
Ses01M_script01_2_M014.wav,IEMOCAP,clipping,1.0,high
Ses01M_script01_2_M015.wav,IEMOCAP,clipping,1.0,high
Ses01M_script01_2_M017.wav,IEMOCAP,clipping,0.999969482421875,high
Ses01M_script01_3_F015.wav,IEMOCAP,clipping,1.0,high
Ses01M_script01_3_F016.wav,IEMOCAP,clipping,1.0,high
Ses01M_script01_3_M016.wav,IEMOCAP,clipping,1.0,high
Ses01M_script02_2_F010.wav,IEMOCAP,clipping,1.0,high
Ses01M_script02_2_F011.wav,IEMOCAP,clipping,1.0,high
Ses01M_script02_2_F012.wav,IEMOCAP,clipping,1.0,high
Ses01M_script02_2_F013.wav,IEMOCAP,clipping,1.0,high
Ses01M_script02_2_F014.wav,IEMOCAP,clipping,1.0,high
Ses01M_script02_2_F015.wav,IEMOCAP,clipping,1.0,high
Ses01M_script02_2_F016.wav,IEMOCAP,clipping,1.0,high
Ses01M_script02_2_F018.wav,IEMOCAP,clipping,1.0,high
Ses01M_script02_2_F030.wav,IEMOCAP,clipping,1.0,high
Ses01M_script02_2_M033.wav,IEMOCAP,clipping,1.0,high
Ses01M_script02_2_M034.wav,IEMOCAP,clipping,1.0,high
Ses01M_script02_2_M035.wav,IEMOCAP,clipping,1.0,high
Ses01M_script03_1_F005.wav,IEMOCAP,clipping,1.0,high
Ses01M_script03_1_F006.wav,IEMOCAP,clipping,1.0,high
Ses01M_script03_1_F018.wav,IEMOCAP,clipping,1.0,high
Ses01M_script03_1_F027.wav,IEMOCAP,clipping,1.0,high
Ses01M_script03_1_F031.wav,IEMOCAP,clipping,1.0,high
Ses01M_script03_1_F032.wav,IEMOCAP,clipping,1.0,high
Ses01M_script03_1_F035.wav,IEMOCAP,clipping,1.0,high
Ses01M_script03_1_F036.wav,IEMOCAP,clipping,1.0,high
Ses01M_script03_1_F037.wav,IEMOCAP,clipping,1.0,high
Ses01M_script03_1_F038.wav,IEMOCAP,clipping,1.0,high
Ses01M_script03_1_F039.wav,IEMOCAP,clipping,1.0,high
Ses01M_script03_1_M007.wav,IEMOCAP,clipping,0.999969482421875,high
Ses01M_script03_1_M039.wav,IEMOCAP,clipping,1.0,high
Ses01M_script03_2_F003.wav,IEMOCAP,clipping,1.0,high
Ses01M_script03_2_F008.wav,IEMOCAP,clipping,0.999969482421875,high
Ses01M_script03_2_F020.wav,IEMOCAP,clipping,0.999969482421875,high
Ses01M_script03_2_F021.wav,IEMOCAP,clipping,0.999969482421875,high
Ses01M_script03_2_F023.wav,IEMOCAP,clipping,1.0,high
Ses01M_script03_2_F024.wav,IEMOCAP,clipping,1.0,high
Ses01M_script03_2_F025.wav,IEMOCAP,clipping,0.999969482421875,high
Ses01M_script03_2_F026.wav,IEMOCAP,clipping,1.0,high
Ses01M_script03_2_F028.wav,IEMOCAP,clipping,1.0,high
Ses01M_script03_2_F029.wav,IEMOCAP,clipping,1.0,high
Ses01M_script03_2_F030.wav,IEMOCAP,clipping,1.0,high
Ses01M_script03_2_F033.wav,IEMOCAP,clipping,1.0,high
Ses01M_script03_2_F035.wav,IEMOCAP,clipping,1.0,high
Ses01M_script03_2_F037.wav,IEMOCAP,clipping,1.0,high
Ses01M_script03_2_F038.wav,IEMOCAP,clipping,1.0,high
Ses01M_script03_2_F039.wav,IEMOCAP,clipping,1.0,high
Ses01M_script03_2_F040.wav,IEMOCAP,clipping,1.0,high
Ses01M_script03_2_F041.wav,IEMOCAP,clipping,1.0,high
Ses01M_script03_2_M027.wav,IEMOCAP,clipping,0.999969482421875,high
Ses01M_script03_2_M028.wav,IEMOCAP,clipping,1.0,high
Ses01M_script03_2_M029.wav,IEMOCAP,clipping,1.0,high
Ses01M_script03_2_M030.wav,IEMOCAP,clipping,1.0,high
Ses01M_script03_2_M031.wav,IEMOCAP,clipping,1.0,high
Ses01M_script03_2_M036.wav,IEMOCAP,clipping,0.999969482421875,high
Ses01M_script03_2_M038.wav,IEMOCAP,clipping,1.0,high
Ses01M_script03_2_M039.wav,IEMOCAP,clipping,0.999969482421875,high
Ses01M_script03_2_M040.wav,IEMOCAP,clipping,1.0,high
Ses01M_script03_2_M043.wav,IEMOCAP,clipping,1.0,high
Ses02F_impro01.wav,IEMOCAP,too_long,215.943375,medium
Ses02F_impro02.wav,IEMOCAP,too_long,212.2005625,medium
Ses02F_impro03.wav,IEMOCAP,too_long,250.7563125,medium
Ses02F_impro04.wav,IEMOCAP,too_long,289.3824375,medium
Ses02F_impro05.wav,IEMOCAP,too_long,276.8185625,medium
Ses02F_impro06.wav,IEMOCAP,too_long,221.2665,medium
Ses02F_impro07.wav,IEMOCAP,too_long,204.9050625,medium
Ses02F_impro08.wav,IEMOCAP,too_long,207.1914375,medium
Ses02F_script01_1.wav,IEMOCAP,too_long,356.8821875,medium
Ses02F_script01_2.wav,IEMOCAP,too_long,125.184625,medium
Ses02F_script01_3.wav,IEMOCAP,too_long,361.7730625,medium
Ses02F_script02_1.wav,IEMOCAP,too_long,292.827,medium
Ses02F_script02_2.wav,IEMOCAP,too_long,417.307625,medium
Ses02F_script03_1.wav,IEMOCAP,too_long,217.8665625,medium
Ses02F_script03_2.wav,IEMOCAP,too_long,252.8405,medium
Ses02M_impro01.wav,IEMOCAP,too_long,158.9141875,medium
Ses02M_impro02.wav,IEMOCAP,too_long,185.8061875,medium
Ses02M_impro03.wav,IEMOCAP,too_long,192.09425,medium
Ses02M_impro04.wav,IEMOCAP,too_long,217.9849375,medium
Ses02M_impro05.wav,IEMOCAP,too_long,247.173625,medium
Ses02M_impro06.wav,IEMOCAP,too_long,254.5891875,medium
Ses02M_impro07.wav,IEMOCAP,too_long,176.8601875,medium
Ses02M_impro08.wav,IEMOCAP,too_long,218.9346875,medium
Ses02M_script01_1.wav,IEMOCAP,too_long,357.706125,medium
Ses02M_script01_2.wav,IEMOCAP,too_long,127.0281875,medium
Ses02M_script01_3.wav,IEMOCAP,too_long,391.7918125,medium
Ses02M_script02_1.wav,IEMOCAP,too_long,317.740125,medium
Ses02M_script02_2.wav,IEMOCAP,too_long,415.2398125,medium
Ses02M_script03_1.wav,IEMOCAP,too_long,214.505625,medium
Ses02M_script03_2.wav,IEMOCAP,too_long,258.2259375,medium
Ses02F_script03_2_F040.wav,IEMOCAP,clipping,0.99224853515625,high
Ses02F_script03_2_F043.wav,IEMOCAP,clipping,1.0,high
Ses03F_impro01.wav,IEMOCAP,too_long,82.4358125,medium
Ses03F_impro02.wav,IEMOCAP,too_long,315.19725,medium
Ses03F_impro03.wav,IEMOCAP,too_long,169.7848125,medium
Ses03F_impro04.wav,IEMOCAP,too_long,174.3169375,medium
Ses03F_impro05.wav,IEMOCAP,too_long,162.5964375,medium
Ses03F_impro06.wav,IEMOCAP,too_long,247.0278125,medium
Ses03F_impro07.wav,IEMOCAP,too_long,197.0635625,medium
Ses03F_impro08.wav,IEMOCAP,too_long,169.90975,medium
Ses03F_script01_1.wav,IEMOCAP,too_long,455.7948125,medium
Ses03F_script01_2.wav,IEMOCAP,too_long,142.257625,medium
Ses03F_script01_3.wav,IEMOCAP,too_long,420.98,medium
Ses03F_script02_1.wav,IEMOCAP,too_long,364.931125,medium
Ses03F_script02_2.wav,IEMOCAP,too_long,447.125625,medium
Ses03F_script03_1.wav,IEMOCAP,too_long,238.56525,medium
Ses03F_script03_2.wav,IEMOCAP,too_long,332.583625,medium
Ses03M_impro01.wav,IEMOCAP,too_long,158.7620625,medium
Ses03M_impro02.wav,IEMOCAP,too_long,264.4153125,medium
Ses03M_impro03.wav,IEMOCAP,too_long,262.3570625,medium
Ses03M_impro04.wav,IEMOCAP,too_long,299.9061875,medium
Ses03M_impro05a.wav,IEMOCAP,too_long,168.1999375,medium
Ses03M_impro05b.wav,IEMOCAP,too_long,243.7273125,medium
Ses03M_impro06.wav,IEMOCAP,too_long,249.1095,medium
Ses03M_impro07.wav,IEMOCAP,too_long,160.313375,medium
Ses03M_impro08a.wav,IEMOCAP,too_long,274.9186875,medium
Ses03M_impro08b.wav,IEMOCAP,too_long,210.809875,medium
Ses03M_script01_1.wav,IEMOCAP,too_long,424.60425,medium
Ses03M_script01_2.wav,IEMOCAP,too_long,174.4134375,medium
Ses03M_script01_3.wav,IEMOCAP,too_long,418.084375,medium
Ses03M_script02_1.wav,IEMOCAP,too_long,353.092,medium
Ses03M_script02_2.wav,IEMOCAP,too_long,458.587625,medium
Ses03M_script03_1.wav,IEMOCAP,too_long,269.2971875,medium
Ses03M_script03_2.wav,IEMOCAP,too_long,329.9726875,medium
Ses03M_impro06_F003.wav,IEMOCAP,too_quiet,0.0009629548876546323,high
Ses03M_impro06_F012.wav,IEMOCAP,too_quiet,0.0009379417169839144,high
Ses03M_impro06_F014.wav,IEMOCAP,too_quiet,0.0008378512575291097,high
Ses03M_impro08b_F004.wav,IEMOCAP,clipping,1.0,high
Ses03M_impro08b_F008.wav,IEMOCAP,clipping,1.0,high
Ses03M_impro08b_F013.wav,IEMOCAP,clipping,1.0,high
Ses03M_impro08b_F014.wav,IEMOCAP,clipping,1.0,high
Ses03M_impro08b_M012.wav,IEMOCAP,clipping,1.0,high
Ses04F_impro01.wav,IEMOCAP,too_long,170.2963125,medium
Ses04F_impro02.wav,IEMOCAP,too_long,303.5233125,medium
Ses04F_impro03.wav,IEMOCAP,too_long,284.197375,medium
Ses04F_impro04.wav,IEMOCAP,too_long,266.5821875,medium
Ses04F_impro05.wav,IEMOCAP,too_long,195.182625,medium
Ses04F_impro06.wav,IEMOCAP,too_long,229.418625,medium
Ses04F_impro07.wav,IEMOCAP,too_long,407.067625,medium
Ses04F_impro08.wav,IEMOCAP,too_long,250.61525,medium
Ses04F_script01_1.wav,IEMOCAP,too_long,364.758375,medium
Ses04F_script01_2.wav,IEMOCAP,too_long,152.647375,medium
Ses04F_script01_3.wav,IEMOCAP,too_long,354.758,medium
Ses04F_script02_1.wav,IEMOCAP,too_long,296.42875,medium
Ses04F_script02_2.wav,IEMOCAP,too_long,436.263875,medium
Ses04F_script03_1.wav,IEMOCAP,too_long,208.7736875,medium
Ses04F_script03_2.wav,IEMOCAP,too_long,250.068625,medium
Ses04M_impro01.wav,IEMOCAP,too_long,155.0463125,medium
Ses04M_impro02.wav,IEMOCAP,too_long,340.535625,medium
Ses04M_impro03.wav,IEMOCAP,too_long,266.251375,medium
Ses04M_impro04.wav,IEMOCAP,too_long,216.529125,medium
Ses04M_impro05.wav,IEMOCAP,too_long,318.9121875,medium
Ses04M_impro06.wav,IEMOCAP,too_long,324.370375,medium
Ses04M_impro07.wav,IEMOCAP,too_long,274.68525,medium
Ses04M_impro08.wav,IEMOCAP,too_long,229.1173125,medium
Ses04M_script01_1.wav,IEMOCAP,too_long,347.840625,medium
Ses04M_script01_2.wav,IEMOCAP,too_long,139.84525,medium
Ses04M_script01_3.wav,IEMOCAP,too_long,348.3696875,medium
Ses04M_script02_1.wav,IEMOCAP,too_long,315.5200625,medium
Ses04M_script02_2.wav,IEMOCAP,too_long,359.2304375,medium
Ses04M_script03_1.wav,IEMOCAP,too_long,231.7673125,medium
Ses04M_script03_2.wav,IEMOCAP,too_long,303.0800625,medium
Ses05F_impro01.wav,IEMOCAP,too_long,186.4343125,medium
Ses05F_impro02.wav,IEMOCAP,too_long,348.2110625,medium
Ses05F_impro03.wav,IEMOCAP,too_long,271.664375,medium
Ses05F_impro04.wav,IEMOCAP,too_long,407.4515625,medium
Ses05F_impro05.wav,IEMOCAP,too_long,388.8055,medium
Ses05F_impro06.wav,IEMOCAP,too_long,230.544125,medium
Ses05F_impro07.wav,IEMOCAP,too_long,186.158375,medium
Ses05F_impro08.wav,IEMOCAP,too_long,215.6439375,medium
Ses05F_script01_1.wav,IEMOCAP,too_long,403.7090625,medium
Ses05F_script01_2.wav,IEMOCAP,too_long,155.3960625,medium
Ses05F_script01_3.wav,IEMOCAP,too_long,438.091,medium
Ses05F_script02_1.wav,IEMOCAP,too_long,316.626375,medium
Ses05F_script02_2.wav,IEMOCAP,too_long,439.5548125,medium
Ses05F_script03_1.wav,IEMOCAP,too_long,243.41475,medium
Ses05F_script03_2.wav,IEMOCAP,too_long,258.633875,medium
Ses05M_impro01.wav,IEMOCAP,too_long,161.2875625,medium
Ses05M_impro02.wav,IEMOCAP,too_long,219.2558125,medium
Ses05M_impro03.wav,IEMOCAP,too_long,222.26375,medium
Ses05M_impro04.wav,IEMOCAP,too_long,276.9845,medium
Ses05M_impro05.wav,IEMOCAP,too_long,136.660375,medium
Ses05M_impro06.wav,IEMOCAP,too_long,204.3925,medium
Ses05M_impro07.wav,IEMOCAP,too_long,213.594125,medium
Ses05M_impro08.wav,IEMOCAP,too_long,222.9306875,medium
Ses05M_script01_1.wav,IEMOCAP,too_long,357.94725,medium
Ses05M_script01_1b.wav,IEMOCAP,too_long,382.0748125,medium
Ses05M_script01_2.wav,IEMOCAP,too_long,142.2195625,medium
Ses05M_script01_3.wav,IEMOCAP,too_long,440.9939375,medium
Ses05M_script02_1.wav,IEMOCAP,too_long,354.2966875,medium
Ses05M_script02_2.wav,IEMOCAP,too_long,454.79625,medium
Ses05M_script03_1.wav,IEMOCAP,too_long,247.053875,medium
Ses05M_script03_2.wav,IEMOCAP,too_long,266.792375,medium
Ses05F_script03_2_F041.wav,IEMOCAP,clipping,1.0,high
Ses05M_script02_1_M030.wav,IEMOCAP,too_long,34.13875,medium
Ses05M_script02_2_F013.wav,IEMOCAP,too_long,31.91,medium
Ses05M_script03_2_M044.wav,IEMOCAP,clipping,1.0,high
Ses05M_script03_2_M045.wav,IEMOCAP,clipping,1.0,high
